stage,variant,threads,median_s,throughput_per_sec
1,serial_original,1,1.15700693,8.642990582606104e7
2,serial_optimized,1,0.709220622,1.4099984814034355e8
3,parallel,1,0.687698,1.4541265498e8
3,parallel,2,0.90454,1.1055337596e8
3,parallel,4,0.289379,3.4556703293e8
3,parallel,8,0.84715,1.1804289498e8
3,parallel,16,0.720865,1.3872218355e8
